epoch;loss;mean_squared_error;val_loss;val_mean_squared_error
0;0.1043478325009346;0.1043478325009346;0.04378931596875191;0.04378931596875191
1;0.04736294597387314;0.04736294597387314;0.04750065505504608;0.04750065505504608
2;0.044849805533885956;0.044849805533885956;0.047818925231695175;0.047818925231695175
3;0.04120699688792229;0.04120699688792229;0.0431382916867733;0.0431382916867733
4;0.03551880270242691;0.03551880270242691;0.040832385420799255;0.040832385420799255
5;0.03134412690997124;0.03134412690997124;0.036389000713825226;0.036389000713825226
6;0.02796897478401661;0.02796897478401661;0.03486750274896622;0.03486750274896622
7;0.026155859231948853;0.026155859231948853;0.030003894120454788;0.030003894120454788
8;0.024133754894137383;0.024133754894137383;0.028242062777280807;0.028242062777280807
9;0.021211031824350357;0.021211031824350357;0.028466133400797844;0.028466133400797844
10;0.020244302228093147;0.020244302228093147;0.02467656321823597;0.02467656321823597
11;0.019272003322839737;0.019272003322839737;0.03404558077454567;0.03404558077454567
12;0.021314186975359917;0.021314186975359917;0.02387959137558937;0.02387959137558937
13;0.017972590401768684;0.017972590401768684;0.02569557912647724;0.02569557912647724
14;0.017630239948630333;0.017630239948630333;0.02335364744067192;0.02335364744067192
15;0.016523655503988266;0.016523655503988266;0.021341150626540184;0.021341150626540184
16;0.017958424985408783;0.017958424985408783;0.02230336330831051;0.02230336330831051
17;0.018326198682188988;0.018326198682188988;0.027343278750777245;0.027343278750777245
18;0.017737925052642822;0.017737925052642822;0.02286159060895443;0.02286159060895443
19;0.015823569148778915;0.015823569148778915;0.0237712524831295;0.0237712524831295
20;0.015888607129454613;0.015888607129454613;0.021085791289806366;0.021085791289806366
21;0.0167531780898571;0.0167531780898571;0.021021004766225815;0.021021004766225815
22;0.015316815115511417;0.015316815115511417;0.021582746878266335;0.021582746878266335
23;0.014554212801158428;0.014554212801158428;0.020499954000115395;0.020499954000115395
24;0.014537482522428036;0.014537482522428036;0.020941084250807762;0.020941084250807762
25;0.015882566571235657;0.015882566571235657;0.0256934966892004;0.0256934966892004
26;0.015131419524550438;0.015131419524550438;0.01962115988135338;0.01962115988135338
27;0.014332619495689869;0.014332619495689869;0.019077392295002937;0.019077392295002937
28;0.015097391791641712;0.015097391791641712;0.018612977117300034;0.018612977117300034
29;0.014309599995613098;0.014309599995613098;0.018531110137701035;0.018531110137701035
30;0.013607682660222054;0.013607682660222054;0.019340699538588524;0.019340699538588524
31;0.013306969776749611;0.013306969776749611;0.018295759335160255;0.018295759335160255
32;0.014822043478488922;0.014822043478488922;0.017314942553639412;0.017314942553639412
33;0.01281376276165247;0.01281376276165247;0.019254302605986595;0.019254302605986595
34;0.012350508011877537;0.012350508011877537;0.017557473853230476;0.017557473853230476
35;0.012064622715115547;0.012064622715115547;0.019826745614409447;0.019826745614409447
36;0.011955086141824722;0.011955086141824722;0.016936903819441795;0.016936903819441795
37;0.011470803059637547;0.011470803059637547;0.016369787976145744;0.016369787976145744
38;0.011382444761693478;0.011382444761693478;0.01571488194167614;0.01571488194167614
39;0.010504444129765034;0.010504444129765034;0.018078655004501343;0.018078655004501343
40;0.010221891105175018;0.010221891105175018;0.01618207059800625;0.01618207059800625
41;0.010204525664448738;0.010204525664448738;0.018608801066875458;0.018608801066875458
42;0.01111865509301424;0.01111865509301424;0.01631034165620804;0.01631034165620804
43;0.01022186316549778;0.01022186316549778;0.018376728519797325;0.018376728519797325
44;0.009879144839942455;0.009879144839942455;0.01524804811924696;0.01524804811924696
45;0.009320942685008049;0.009320942685008049;0.014752157963812351;0.014752157963812351
46;0.009513496421277523;0.009513496421277523;0.01590028963983059;0.01590028963983059
47;0.009519723244011402;0.009519723244011402;0.014613528735935688;0.014613528735935688
48;0.009319555014371872;0.009319555014371872;0.014524095691740513;0.014524095691740513
49;0.008878347463905811;0.008878347463905811;0.014448096975684166;0.014448096975684166
50;0.009325064718723297;0.009325064718723297;0.014082343317568302;0.014082343317568302
51;0.008265628479421139;0.008265628479421139;0.014453068375587463;0.014453068375587463
52;0.008366239257156849;0.008366239257156849;0.013341767713427544;0.013341767713427544
53;0.008519040420651436;0.008519040420651436;0.012941710650920868;0.012941710650920868
54;0.008393395692110062;0.008393395692110062;0.014735364355146885;0.014735364355146885
55;0.008738645352423191;0.008738645352423191;0.013574386946856976;0.013574386946856976
56;0.00802308414131403;0.00802308414131403;0.013070710003376007;0.013070710003376007
57;0.007931369356811047;0.007931369356811047;0.013501069508492947;0.013501069508492947
58;0.007872679270803928;0.007872679270803928;0.012984193861484528;0.012984193861484528
59;0.008053116500377655;0.008053116500377655;0.012585866264998913;0.012585866264998913
60;0.007990902289748192;0.007990902289748192;0.012608560733497143;0.012608560733497143
61;0.007739342749118805;0.007739342749118805;0.013574210926890373;0.013574210926890373
62;0.007847397588193417;0.007847397588193417;0.01276084128767252;0.01276084128767252
63;0.0076183718629181385;0.0076183718629181385;0.013349456712603569;0.013349456712603569
64;0.007440225686877966;0.007440225686877966;0.01307123526930809;0.01307123526930809
65;0.007728514261543751;0.007728514261543751;0.012785349041223526;0.012785349041223526
66;0.007668803911656141;0.007668803911656141;0.012028186582028866;0.012028186582028866
67;0.007447599899023771;0.007447599899023771;0.012434030883014202;0.012434030883014202
68;0.0073450165800750256;0.0073450165800750256;0.012631496414542198;0.012631496414542198
69;0.007631437387317419;0.007631437387317419;0.012557532638311386;0.012557532638311386
70;0.007242422550916672;0.007242422550916672;0.0142205860465765;0.0142205860465765
71;0.0077907186932861805;0.0077907186932861805;0.011939718388020992;0.011939718388020992
72;0.007098299451172352;0.007098299451172352;0.01203791331499815;0.01203791331499815
73;0.007044661790132523;0.007044661790132523;0.012015021406114101;0.012015021406114101
74;0.006847699172794819;0.006847699172794819;0.01195473875850439;0.01195473875850439
75;0.0068634189665317535;0.0068634189665317535;0.01389229018241167;0.01389229018241167
76;0.007900963537395;0.007900963537395;0.015268282033503056;0.015268282033503056
77;0.0076986984349787235;0.0076986984349787235;0.012538224458694458;0.012538224458694458
78;0.006740245968103409;0.006740245968103409;0.012246833182871342;0.012246833182871342
79;0.006739055272191763;0.006739055272191763;0.011722132563591003;0.011722132563591003
80;0.006904293317347765;0.006904293317347765;0.012318594381213188;0.012318594381213188
81;0.0071781896986067295;0.0071781896986067295;0.011515297926962376;0.011515297926962376
82;0.006845241878181696;0.006845241878181696;0.011594618670642376;0.011594618670642376
83;0.006889028009027243;0.006889028009027243;0.011254115030169487;0.011254115030169487
84;0.006389308720827103;0.006389308720827103;0.011020799167454243;0.011020799167454243
85;0.006228531710803509;0.006228531710803509;0.011615718714892864;0.011615718714892864
86;0.0067596291191875935;0.0067596291191875935;0.01113304402679205;0.01113304402679205
87;0.006343496032059193;0.006343496032059193;0.010828930884599686;0.010828930884599686
88;0.006383392494171858;0.006383392494171858;0.010882501490414143;0.010882501490414143
89;0.006248808931559324;0.006248808931559324;0.011072325520217419;0.011072325520217419
90;0.00649576261639595;0.00649576261639595;0.011251823976635933;0.011251823976635933
91;0.006355189718306065;0.006355189718306065;0.010675477795302868;0.010675477795302868
92;0.006020515691488981;0.006020515691488981;0.010545909404754639;0.010545909404754639
93;0.006025876849889755;0.006025876849889755;0.011399602517485619;0.011399602517485619
94;0.005948333069682121;0.005948333069682121;0.010292377322912216;0.010292377322912216
95;0.005766982678323984;0.005766982678323984;0.010001295246183872;0.010001295246183872
96;0.005963717121630907;0.005963717121630907;0.010552111081779003;0.010552111081779003
97;0.0056877536699175835;0.0056877536699175835;0.010748902335762978;0.010748902335762978
98;0.005741799715906382;0.005741799715906382;0.009790264070034027;0.009790264070034027
99;0.005794322118163109;0.005794322118163109;0.009832818061113358;0.009832818061113358
100;0.0061762649565935135;0.0061762649565935135;0.011405647732317448;0.011405647732317448
101;0.005743773188441992;0.005743773188441992;0.010176020674407482;0.010176020674407482
102;0.005784045904874802;0.005784045904874802;0.009656446054577827;0.009656446054577827
103;0.005646712612360716;0.005646712612360716;0.009678030386567116;0.009678030386567116
104;0.005810714792460203;0.005810714792460203;0.009571482427418232;0.009571482427418232
105;0.005522549152374268;0.005522549152374268;0.0117186289280653;0.0117186289280653
106;0.005658397451043129;0.005658397451043129;0.009845897555351257;0.009845897555351257
107;0.005502099636942148;0.005502099636942148;0.009609779343008995;0.009609779343008995
108;0.005532007664442062;0.005532007664442062;0.009327279403805733;0.009327279403805733
109;0.005351550877094269;0.005351550877094269;0.009726262651383877;0.009726262651383877
110;0.00524636497721076;0.00524636497721076;0.00959063321352005;0.00959063321352005
111;0.005277326330542564;0.005277326330542564;0.008984960615634918;0.008984960615634918
112;0.005476734135299921;0.005476734135299921;0.009184543043375015;0.009184543043375015
113;0.005291326437145472;0.005291326437145472;0.00946909561753273;0.00946909561753273
114;0.005122048780322075;0.005122048780322075;0.009105328470468521;0.009105328470468521
115;0.005484298337250948;0.005484298337250948;0.00877047423273325;0.00877047423273325
116;0.0047804974019527435;0.0047804974019527435;0.009034975431859493;0.009034975431859493
117;0.004947356879711151;0.004947356879711151;0.009125924669206142;0.009125924669206142
118;0.004916600417345762;0.004916600417345762;0.009391590021550655;0.009391590021550655
119;0.0047214450314641;0.0047214450314641;0.00942645687609911;0.00942645687609911
120;0.004809163976460695;0.004809163976460695;0.008776326663792133;0.008776326663792133
121;0.004757450893521309;0.004757450893521309;0.010314681567251682;0.010314681567251682
122;0.005403317976742983;0.005403317976742983;0.009209610521793365;0.009209610521793365
123;0.005285512190312147;0.005285512190312147;0.009198361076414585;0.009198361076414585
124;0.004807439167052507;0.004807439167052507;0.008917546831071377;0.008917546831071377
125;0.004970630165189505;0.004970630165189505;0.00922955758869648;0.00922955758869648
126;0.005149368196725845;0.005149368196725845;0.010642417706549168;0.010642417706549168
127;0.005234809592366219;0.005234809592366219;0.010650579817593098;0.010650579817593098
128;0.0055290875025093555;0.0055290875025093555;0.009207488037645817;0.009207488037645817
129;0.0050581516698002815;0.0050581516698002815;0.009619367308914661;0.009619367308914661
130;0.004677137825638056;0.004677137825638056;0.008804026991128922;0.008804026991128922
131;0.0047563714906573296;0.0047563714906573296;0.009168392047286034;0.009168392047286034
132;0.004941362887620926;0.004941362887620926;0.009814257733523846;0.009814257733523846
133;0.004949371330440044;0.004949371330440044;0.009915796108543873;0.009915796108543873
134;0.004945214372128248;0.004945214372128248;0.008953038603067398;0.008953038603067398
135;0.004957831464707851;0.004957831464707851;0.009443799965083599;0.009443799965083599
136;0.004518992733210325;0.004518992733210325;0.008840814232826233;0.008840814232826233
137;0.004419352859258652;0.004419352859258652;0.008891645818948746;0.008891645818948746
138;0.004657960031181574;0.004657960031181574;0.00880169216543436;0.00880169216543436
139;0.004684798885136843;0.004684798885136843;0.009248276241123676;0.009248276241123676
140;0.004387739580124617;0.004387739580124617;0.009318898431956768;0.009318898431956768
141;0.004379873163998127;0.004379873163998127;0.009552577510476112;0.009552577510476112
142;0.004549820441752672;0.004549820441752672;0.008512445725500584;0.008512445725500584
143;0.004712465684860945;0.004712465684860945;0.009269158355891705;0.009269158355891705
144;0.004889104515314102;0.004889104515314102;0.010338758118450642;0.010338758118450642
145;0.004584642592817545;0.004584642592817545;0.008860655128955841;0.008860655128955841
146;0.004558689892292023;0.004558689892292023;0.008573014289140701;0.008573014289140701
147;0.0044957478530704975;0.0044957478530704975;0.009281033650040627;0.009281033650040627
148;0.004186099860817194;0.004186099860817194;0.008557061664760113;0.008557061664760113
149;0.004295590333640575;0.004295590333640575;0.009521100670099258;0.009521100670099258
150;0.004278416745364666;0.004278416745364666;0.00885822158306837;0.00885822158306837
151;0.004160444252192974;0.004160444252192974;0.009725073352456093;0.009725073352456093
152;0.004533416125923395;0.004533416125923395;0.009992165490984917;0.009992165490984917
153;0.004746216349303722;0.004746216349303722;0.010361386463046074;0.010361386463046074
154;0.004609757103025913;0.004609757103025913;0.00891353003680706;0.00891353003680706
155;0.004069918766617775;0.004069918766617775;0.008879253640770912;0.008879253640770912
156;0.00423147389665246;0.00423147389665246;0.008671741001307964;0.008671741001307964
157;0.004218690097332001;0.004218690097332001;0.009527171030640602;0.009527171030640602
158;0.004256140906363726;0.004256140906363726;0.00843388307839632;0.00843388307839632
159;0.004033202305436134;0.004033202305436134;0.009034603834152222;0.009034603834152222
160;0.004060436971485615;0.004060436971485615;0.008346875198185444;0.008346875198185444
161;0.00404878007248044;0.00404878007248044;0.008939445950090885;0.008939445950090885
162;0.004224049858748913;0.004224049858748913;0.009453121572732925;0.009453121572732925
163;0.004459551069885492;0.004459551069885492;0.008538677357137203;0.008538677357137203
164;0.004019330721348524;0.004019330721348524;0.009389958344399929;0.009389958344399929
165;0.00416357908397913;0.00416357908397913;0.009522234089672565;0.009522234089672565
166;0.004108894616365433;0.004108894616365433;0.009809567593038082;0.009809567593038082
167;0.004697101656347513;0.004697101656347513;0.008799098432064056;0.008799098432064056
168;0.004174533765763044;0.004174533765763044;0.008426551707088947;0.008426551707088947
169;0.003931073006242514;0.003931073006242514;0.00844475906342268;0.00844475906342268
170;0.003956459928303957;0.003956459928303957;0.008301403373479843;0.008301403373479843
171;0.0038159010000526905;0.0038159010000526905;0.00849348958581686;0.00849348958581686
172;0.003901088610291481;0.003901088610291481;0.007975633256137371;0.007975633256137371
173;0.004387217108160257;0.004387217108160257;0.009670411236584187;0.009670411236584187
174;0.003995221108198166;0.003995221108198166;0.007750067859888077;0.007750067859888077
175;0.003911082167178392;0.003911082167178392;0.008420334197580814;0.008420334197580814
176;0.004541296977549791;0.004541296977549791;0.008471769280731678;0.008471769280731678
177;0.0037689905147999525;0.0037689905147999525;0.00909148994833231;0.00909148994833231
178;0.003991037141531706;0.003991037141531706;0.008847254328429699;0.008847254328429699
179;0.004146793391555548;0.004146793391555548;0.00907488726079464;0.00907488726079464
180;0.004120965488255024;0.004120965488255024;0.009416318498551846;0.009416318498551846
181;0.00437275180593133;0.00437275180593133;0.008816207759082317;0.008816207759082317
182;0.003973943181335926;0.003973943181335926;0.007851745933294296;0.007851745933294296
183;0.0036685923114418983;0.0036685923114418983;0.008157005533576012;0.008157005533576012
184;0.0037527047097682953;0.0037527047097682953;0.008085876703262329;0.008085876703262329
185;0.0037890952080488205;0.0037890952080488205;0.008130749687552452;0.008130749687552452
186;0.003696465166285634;0.003696465166285634;0.008252140134572983;0.008252140134572983
187;0.003697881940752268;0.003697881940752268;0.00950418971478939;0.00950418971478939
188;0.0038871136493980885;0.0038871136493980885;0.007929807528853416;0.007929807528853416
189;0.003915518056601286;0.003915518056601286;0.008708255365490913;0.008708255365490913
190;0.003929136786609888;0.003929136786609888;0.008666777983307838;0.008666777983307838
191;0.004826716147363186;0.004826716147363186;0.008520776405930519;0.008520776405930519
192;0.00389796681702137;0.00389796681702137;0.007850364781916142;0.007850364781916142
193;0.0039789737202227116;0.0039789737202227116;0.007851887494325638;0.007851887494325638
194;0.004075070843100548;0.004075070843100548;0.008372916840016842;0.008372916840016842
195;0.004275961313396692;0.004275961313396692;0.008747170679271221;0.008747170679271221
196;0.003978195134550333;0.003978195134550333;0.008269846439361572;0.008269846439361572
197;0.0038936124183237553;0.0038936124183237553;0.008352469652891159;0.008352469652891159
198;0.003727980889379978;0.003727980889379978;0.008154175244271755;0.008154175244271755
199;0.0038004836533218622;0.0038004836533218622;0.009096060879528522;0.009096060879528522
200;0.004091497976332903;0.004091497976332903;0.008206142112612724;0.008206142112612724
201;0.004436785820871592;0.004436785820871592;0.007951569743454456;0.007951569743454456
202;0.0039715515449643135;0.0039715515449643135;0.008629684336483479;0.008629684336483479
203;0.0037559005431830883;0.0037559005431830883;0.00819198228418827;0.00819198228418827
204;0.0036464822478592396;0.0036464822478592396;0.008044245652854443;0.008044245652854443
205;0.0035732320975512266;0.0035732320975512266;0.008320278488099575;0.008320278488099575
206;0.0036711653228849173;0.0036711653228849173;0.008259067311882973;0.008259067311882973
207;0.0035501644015312195;0.0035501644015312195;0.008443254046142101;0.008443254046142101
208;0.003810838097706437;0.003810838097706437;0.007695620413869619;0.007695620413869619
209;0.003678286215290427;0.003678286215290427;0.008208772167563438;0.008208772167563438
210;0.004122006241232157;0.004122006241232157;0.00872030295431614;0.00872030295431614
211;0.0036826704163104296;0.0036826704163104296;0.0078079793602228165;0.0078079793602228165
212;0.003642335068434477;0.003642335068434477;0.008815483190119267;0.008815483190119267
213;0.003934040199965239;0.003934040199965239;0.008081384934484959;0.008081384934484959
214;0.003912004176527262;0.003912004176527262;0.008257623761892319;0.008257623761892319
215;0.00395751791074872;0.00395751791074872;0.008400684222579002;0.008400684222579002
216;0.003692120546475053;0.003692120546475053;0.007725974079221487;0.007725974079221487
217;0.0037432429380714893;0.0037432429380714893;0.007896453142166138;0.007896453142166138
218;0.0036190692335367203;0.0036190692335367203;0.008154661394655704;0.008154661394655704
219;0.0034852696117013693;0.0034852696117013693;0.008153547532856464;0.008153547532856464
220;0.0033849680330604315;0.0033849680330604315;0.007961821742355824;0.007961821742355824
221;0.0035680204164236784;0.0035680204164236784;0.00794958882033825;0.00794958882033825
222;0.003627051832154393;0.003627051832154393;0.00875384733080864;0.00875384733080864
223;0.004140669479966164;0.004140669479966164;0.008636017329990864;0.008636017329990864
224;0.003583989106118679;0.003583989106118679;0.007773110177367926;0.007773110177367926
225;0.0034277294762432575;0.0034277294762432575;0.00833649467676878;0.00833649467676878
226;0.003990828990936279;0.003990828990936279;0.008042830973863602;0.008042830973863602
227;0.0036531086079776287;0.0036531086079776287;0.00784442201256752;0.00784442201256752
228;0.003667705925181508;0.003667705925181508;0.007968959398567677;0.007968959398567677
229;0.003440038999542594;0.003440038999542594;0.007562465034425259;0.007562465034425259
230;0.003458412829786539;0.003458412829786539;0.00833967700600624;0.00833967700600624
231;0.003721194341778755;0.003721194341778755;0.008408397436141968;0.008408397436141968
232;0.0037616740446537733;0.0037616740446537733;0.008270381018519402;0.008270381018519402
233;0.0034491559490561485;0.0034491559490561485;0.008425721898674965;0.008425721898674965
234;0.0035562848206609488;0.0035562848206609488;0.008111451752483845;0.008111451752483845
235;0.0033872295171022415;0.0033872295171022415;0.0079626040533185;0.0079626040533185
236;0.003426924580708146;0.003426924580708146;0.00773205840960145;0.00773205840960145
237;0.003346814773976803;0.003346814773976803;0.007740180939435959;0.007740180939435959
238;0.003433042438700795;0.003433042438700795;0.0075488705188035965;0.0075488705188035965
239;0.0033583794720470905;0.0033583794720470905;0.008730423636734486;0.008730423636734486
240;0.0033608400262892246;0.0033608400262892246;0.007420860230922699;0.007420860230922699
241;0.0034698229283094406;0.0034698229283094406;0.008158915676176548;0.008158915676176548
242;0.003490241477265954;0.003490241477265954;0.007852121256291866;0.007852121256291866
243;0.0033640526235103607;0.0033640526235103607;0.007533064112067223;0.007533064112067223
244;0.003306756727397442;0.003306756727397442;0.008339154534041882;0.008339154534041882
245;0.0035956723149865866;0.0035956723149865866;0.007943296805024147;0.007943296805024147
246;0.0037192893214523792;0.0037192893214523792;0.008227545768022537;0.008227545768022537
247;0.003520827740430832;0.003520827740430832;0.008545277640223503;0.008545277640223503
248;0.0034284223802387714;0.0034284223802387714;0.008212626911699772;0.008212626911699772
249;0.003718486288562417;0.003718486288562417;0.008973876014351845;0.008973876014351845
250;0.0037600379437208176;0.0037600379437208176;0.00806513149291277;0.00806513149291277
251;0.003380195004865527;0.003380195004865527;0.007910585030913353;0.007910585030913353
252;0.0034352580551058054;0.0034352580551058054;0.007967899553477764;0.007967899553477764
253;0.0034026175271719694;0.0034026175271719694;0.007701219525188208;0.007701219525188208
254;0.0034855653066188097;0.0034855653066188097;0.008219417184591293;0.008219417184591293
255;0.003442370565608144;0.003442370565608144;0.00804192665964365;0.00804192665964365
256;0.003387207631021738;0.003387207631021738;0.007943184114992619;0.007943184114992619
257;0.003481209510937333;0.003481209510937333;0.008858990855515003;0.008858990855515003
258;0.0037338566035032272;0.0037338566035032272;0.008200225420296192;0.008200225420296192
259;0.003849630244076252;0.003849630244076252;0.008868587203323841;0.008868587203323841
260;0.004620102699846029;0.004620102699846029;0.007863909006118774;0.007863909006118774
261;0.0036697436589747667;0.0036697436589747667;0.007975192740559578;0.007975192740559578
262;0.003255327232182026;0.003255327232182026;0.008160335011780262;0.008160335011780262
263;0.003485006745904684;0.003485006745904684;0.007790396921336651;0.007790396921336651
264;0.0033536083064973354;0.0033536083064973354;0.007617304567247629;0.007617304567247629
265;0.0033272248692810535;0.0033272248692810535;0.007837279699742794;0.007837279699742794
266;0.0033195321448147297;0.0033195321448147297;0.007885989733040333;0.007885989733040333
267;0.003188343485817313;0.003188343485817313;0.007375821936875582;0.007375821936875582
268;0.0033981173764914274;0.0033981173764914274;0.007485515438020229;0.007485515438020229
269;0.003384436247870326;0.003384436247870326;0.007415702100843191;0.007415702100843191
270;0.0031165587715804577;0.0031165587715804577;0.007868275977671146;0.007868275977671146
271;0.0033226327504962683;0.0033226327504962683;0.007737405598163605;0.007737405598163605
272;0.0034486937802284956;0.0034486937802284956;0.008868558332324028;0.008868558332324028
273;0.0036023962311446667;0.0036023962311446667;0.008151644840836525;0.008151644840836525
274;0.003323012962937355;0.003323012962937355;0.00768368411809206;0.00768368411809206
275;0.0035737785510718822;0.0035737785510718822;0.007961627095937729;0.007961627095937729
276;0.003278099000453949;0.003278099000453949;0.007927242666482925;0.007927242666482925
277;0.003128746524453163;0.003128746524453163;0.007728652097284794;0.007728652097284794
278;0.0033432086929678917;0.0033432086929678917;0.007543851155787706;0.007543851155787706
279;0.0031560207717120647;0.0031560207717120647;0.007316307630389929;0.007316307630389929
280;0.003444204106926918;0.003444204106926918;0.007751402910798788;0.007751402910798788
281;0.0032406251411885023;0.0032406251411885023;0.007395572494715452;0.007395572494715452
282;0.0031877681612968445;0.0031877681612968445;0.007821494713425636;0.007821494713425636
283;0.003273028414696455;0.003273028414696455;0.007388710044324398;0.007388710044324398
284;0.0031133813317865133;0.0031133813317865133;0.007534762844443321;0.007534762844443321
285;0.002965274266898632;0.002965274266898632;0.0075228516943752766;0.0075228516943752766
286;0.0030404923018068075;0.0030404923018068075;0.007579219993203878;0.007579219993203878
287;0.0031731491908431053;0.0031731491908431053;0.007281659636646509;0.007281659636646509
288;0.0030662331264466047;0.0030662331264466047;0.007189061958342791;0.007189061958342791
289;0.0036998058203607798;0.0036998058203607798;0.0076538315042853355;0.0076538315042853355
290;0.003429966978728771;0.003429966978728771;0.007760806009173393;0.007760806009173393
291;0.0033385909628123045;0.0033385909628123045;0.008013468235731125;0.008013468235731125
292;0.003177843289449811;0.003177843289449811;0.007561185397207737;0.007561185397207737
293;0.0032388234976679087;0.0032388234976679087;0.007574747782200575;0.007574747782200575
294;0.00367629062384367;0.00367629062384367;0.008419190533459187;0.008419190533459187
295;0.0032815877348184586;0.0032815877348184586;0.007180382963269949;0.007180382963269949
296;0.0032966327853500843;0.0032966327853500843;0.00713732885196805;0.00713732885196805
297;0.0033262446522712708;0.0033262446522712708;0.007691082078963518;0.007691082078963518
298;0.003361965762451291;0.003361965762451291;0.007732071913778782;0.007732071913778782
299;0.0032767767552286386;0.0032767767552286386;0.0080365976318717;0.0080365976318717
300;0.003157699713483453;0.003157699713483453;0.0074799745343625546;0.0074799745343625546
301;0.002962557366117835;0.002962557366117835;0.007094492204487324;0.007094492204487324
302;0.00313089438714087;0.00313089438714087;0.0077273971401154995;0.0077273971401154995
303;0.003185741836205125;0.003185741836205125;0.007629146333783865;0.007629146333783865
304;0.002965777413919568;0.002965777413919568;0.007408967707306147;0.007408967707306147
305;0.00296671106480062;0.00296671106480062;0.007479422725737095;0.007479422725737095
306;0.0031306243035942316;0.0031306243035942316;0.007779396139085293;0.007779396139085293
307;0.0031436136923730373;0.0031436136923730373;0.007201146334409714;0.007201146334409714
308;0.003065734636038542;0.003065734636038542;0.007898473180830479;0.007898473180830479
309;0.0029976917430758476;0.0029976917430758476;0.007360665127635002;0.007360665127635002
310;0.0028997198678553104;0.0028997198678553104;0.0075651779770851135;0.0075651779770851135
311;0.002869062591344118;0.002869062591344118;0.00805125292390585;0.00805125292390585
312;0.0030271969735622406;0.0030271969735622406;0.006716097239404917;0.006716097239404917
313;0.0030351595487445593;0.0030351595487445593;0.007344776298850775;0.007344776298850775
314;0.003146829316392541;0.003146829316392541;0.007758107036352158;0.007758107036352158
315;0.0032397713512182236;0.0032397713512182236;0.007477880921214819;0.007477880921214819
316;0.0029126654844731092;0.0029126654844731092;0.007483061868697405;0.007483061868697405
317;0.002906134817749262;0.002906134817749262;0.007114741485565901;0.007114741485565901
318;0.003014598973095417;0.003014598973095417;0.007168762851506472;0.007168762851506472
319;0.0031258552335202694;0.0031258552335202694;0.007625148631632328;0.007625148631632328
320;0.0030184972565621138;0.0030184972565621138;0.006743112113326788;0.006743112113326788
321;0.0028545819222927094;0.0028545819222927094;0.007271851412951946;0.007271851412951946
322;0.0029186056926846504;0.0029186056926846504;0.007508743554353714;0.007508743554353714
323;0.002912551397457719;0.002912551397457719;0.007455522660166025;0.007455522660166025
324;0.0031737664248794317;0.0031737664248794317;0.00717128487303853;0.00717128487303853
325;0.003115318948403001;0.003115318948403001;0.007304992992430925;0.007304992992430925
326;0.002809104509651661;0.002809104509651661;0.007040607277303934;0.007040607277303934
327;0.0031205599661916494;0.0031205599661916494;0.0085611492395401;0.0085611492395401
328;0.0031976064201444387;0.0031976064201444387;0.007241252344101667;0.007241252344101667
329;0.0030651928391307592;0.0030651928391307592;0.006975822616368532;0.006975822616368532
330;0.002954402705654502;0.002954402705654502;0.007669498678296804;0.007669498678296804
331;0.002927775727584958;0.002927775727584958;0.007695031352341175;0.007695031352341175
332;0.002942867809906602;0.002942867809906602;0.0071029397659003735;0.0071029397659003735
333;0.002915551420301199;0.002915551420301199;0.007469876669347286;0.007469876669347286
334;0.002820936730131507;0.002820936730131507;0.0074385711923241615;0.0074385711923241615
335;0.0028220589738339186;0.0028220589738339186;0.007947263307869434;0.007947263307869434
336;0.0031968229450285435;0.0031968229450285435;0.007414738181978464;0.007414738181978464
337;0.0034259743988513947;0.0034259743988513947;0.007822283543646336;0.007822283543646336
338;0.00307999225333333;0.00307999225333333;0.007057754322886467;0.007057754322886467
339;0.003086048411205411;0.003086048411205411;0.0072457920759916306;0.0072457920759916306
340;0.002911345334723592;0.002911345334723592;0.007559117861092091;0.007559117861092091
341;0.0035075522027909756;0.0035075522027909756;0.006988171953707933;0.006988171953707933
342;0.0029423644300550222;0.0029423644300550222;0.007758140563964844;0.007758140563964844
343;0.0030895560048520565;0.0030895560048520565;0.007427954580634832;0.007427954580634832
344;0.0028607910498976707;0.0028607910498976707;0.007598564028739929;0.007598564028739929
345;0.003128079464659095;0.003128079464659095;0.007168670650571585;0.007168670650571585
346;0.002939891302958131;0.002939891302958131;0.007303555961698294;0.007303555961698294
347;0.0030934568494558334;0.0030934568494558334;0.007500938139855862;0.007500938139855862
348;0.003080180147662759;0.003080180147662759;0.007689920254051685;0.007689920254051685
349;0.004126906860619783;0.004126906860619783;0.0076119122095406055;0.0076119122095406055
350;0.003533748909831047;0.003533748909831047;0.007498446386307478;0.007498446386307478
351;0.0032483383547514677;0.0032483383547514677;0.007571951020509005;0.007571951020509005
352;0.003028513165190816;0.003028513165190816;0.007577250245958567;0.007577250245958567
353;0.003071832237765193;0.003071832237765193;0.00829651765525341;0.00829651765525341
354;0.0030754548497498035;0.0030754548497498035;0.007548466324806213;0.007548466324806213
355;0.00311394059099257;0.00311394059099257;0.0076367598958313465;0.0076367598958313465
356;0.002898436738178134;0.002898436738178134;0.007304810453206301;0.007304810453206301
357;0.0029018083587288857;0.0029018083587288857;0.007029523141682148;0.007029523141682148
358;0.002848341129720211;0.002848341129720211;0.007599829696118832;0.007599829696118832
359;0.0032148477621376514;0.0032148477621376514;0.007663652300834656;0.007663652300834656
360;0.003235741052776575;0.003235741052776575;0.008231359533965588;0.008231359533965588
361;0.0032053268514573574;0.0032053268514573574;0.007707028184086084;0.007707028184086084
362;0.002818793524056673;0.002818793524056673;0.007280302699655294;0.007280302699655294
363;0.0027570209931582212;0.0027570209931582212;0.007219166494905949;0.007219166494905949
364;0.002652547089383006;0.002652547089383006;0.008350592106580734;0.008350592106580734
365;0.0037919674068689346;0.0037919674068689346;0.008036959916353226;0.008036959916353226
366;0.00343806273303926;0.00343806273303926;0.007953112944960594;0.007953112944960594
367;0.0035386919043958187;0.0035386919043958187;0.008110343478620052;0.008110343478620052
368;0.003141159424558282;0.003141159424558282;0.006827103905379772;0.006827103905379772
369;0.0029394649900496006;0.0029394649900496006;0.007184033282101154;0.007184033282101154
370;0.0026668955106288195;0.0026668955106288195;0.006413502153009176;0.006413502153009176
371;0.0027408692985773087;0.0027408692985773087;0.007142342161387205;0.007142342161387205
372;0.002605661517009139;0.002605661517009139;0.006845519877970219;0.006845519877970219
373;0.003139158943668008;0.003139158943668008;0.007608975283801556;0.007608975283801556
374;0.0030873389914631844;0.0030873389914631844;0.0071256873197853565;0.0071256873197853565
375;0.003010496497154236;0.003010496497154236;0.007455054204910994;0.007455054204910994
376;0.00272403284907341;0.00272403284907341;0.0073509663343429565;0.0073509663343429565
377;0.0028367014601826668;0.0028367014601826668;0.006803477182984352;0.006803477182984352
378;0.002707503270357847;0.002707503270357847;0.006758114323019981;0.006758114323019981
379;0.0026587569154798985;0.0026587569154798985;0.0069777872413396835;0.0069777872413396835
380;0.0027163352351635695;0.0027163352351635695;0.007725031115114689;0.007725031115114689
381;0.0027197597082704306;0.0027197597082704306;0.007236167788505554;0.007236167788505554
382;0.00262073683552444;0.00262073683552444;0.007513722404837608;0.007513722404837608
383;0.0031906452495604753;0.0031906452495604753;0.007443098351359367;0.007443098351359367
384;0.0027341432869434357;0.0027341432869434357;0.006724217440932989;0.006724217440932989
385;0.002587568713352084;0.002587568713352084;0.007233153097331524;0.007233153097331524
386;0.0027233038563281298;0.0027233038563281298;0.007172293961048126;0.007172293961048126
387;0.0030236258171498775;0.0030236258171498775;0.00771185290068388;0.00771185290068388
388;0.0030279820784926414;0.0030279820784926414;0.008303236216306686;0.008303236216306686
389;0.0031053570564836264;0.0031053570564836264;0.008266648277640343;0.008266648277640343
390;0.0028739196714013815;0.0028739196714013815;0.007152893114835024;0.007152893114835024
391;0.002797796158120036;0.002797796158120036;0.007510473020374775;0.007510473020374775
392;0.002593391574919224;0.002593391574919224;0.006828400306403637;0.006828400306403637
393;0.002569696633145213;0.002569696633145213;0.007570404559373856;0.007570404559373856
394;0.002723370911553502;0.002723370911553502;0.007334909401834011;0.007334909401834011
395;0.002776467939838767;0.002776467939838767;0.007940566167235374;0.007940566167235374
396;0.0027943821623921394;0.0027943821623921394;0.00794618483632803;0.00794618483632803
397;0.003744036192074418;0.003744036192074418;0.00843884889036417;0.00843884889036417
398;0.0031834112014621496;0.0031834112014621496;0.0069402907975018024;0.0069402907975018024
399;0.002689228393137455;0.002689228393137455;0.00728656305000186;0.00728656305000186
400;0.002827291376888752;0.002827291376888752;0.006518361158668995;0.006518361158668995
401;0.002650054171681404;0.002650054171681404;0.006958653684705496;0.006958653684705496
402;0.0025060309562832117;0.0025060309562832117;0.006614258047193289;0.006614258047193289
403;0.0024175227154046297;0.0024175227154046297;0.0066894060000777245;0.0066894060000777245
404;0.002581189386546612;0.002581189386546612;0.0076132710091769695;0.0076132710091769695
405;0.0031069729011505842;0.0031069729011505842;0.007570911198854446;0.007570911198854446
406;0.0026782811619341373;0.0026782811619341373;0.007279875222593546;0.007279875222593546
407;0.0026458532083779573;0.0026458532083779573;0.0066257258877158165;0.0066257258877158165
408;0.002827706281095743;0.002827706281095743;0.006645050831139088;0.006645050831139088
409;0.002764360513538122;0.002764360513538122;0.007406840566545725;0.007406840566545725
410;0.0026045814156532288;0.0026045814156532288;0.006732204928994179;0.006732204928994179
411;0.00257584685459733;0.00257584685459733;0.007048300467431545;0.007048300467431545
412;0.0026271964889019728;0.0026271964889019728;0.006766251288354397;0.006766251288354397
413;0.0024336655624210835;0.0024336655624210835;0.006742250639945269;0.006742250639945269
414;0.00238802726380527;0.00238802726380527;0.00669968593865633;0.00669968593865633
415;0.002476218156516552;0.002476218156516552;0.0071195620112121105;0.0071195620112121105
416;0.0026635341346263885;0.0026635341346263885;0.007605880498886108;0.007605880498886108
417;0.002491293242201209;0.002491293242201209;0.00651001138612628;0.00651001138612628
418;0.0029990216717123985;0.0029990216717123985;0.007037653122097254;0.007037653122097254
419;0.003265930572524667;0.003265930572524667;0.007130783516913652;0.007130783516913652
420;0.0025949114933609962;0.0025949114933609962;0.00701733585447073;0.00701733585447073
421;0.002351971110329032;0.002351971110329032;0.007131604943424463;0.007131604943424463
422;0.0026380219496786594;0.0026380219496786594;0.006661174353212118;0.006661174353212118
423;0.0023920449893921614;0.0023920449893921614;0.006797257345169783;0.006797257345169783
424;0.0023624298628419638;0.0023624298628419638;0.008161290548741817;0.008161290548741817
425;0.002493140520527959;0.002493140520527959;0.006644663866609335;0.006644663866609335
426;0.003253568895161152;0.003253568895161152;0.007903425954282284;0.007903425954282284
427;0.0029436659533530474;0.0029436659533530474;0.006958767306059599;0.006958767306059599
428;0.0028157487977296114;0.0028157487977296114;0.0062257167883217335;0.0062257167883217335
429;0.0025070090778172016;0.0025070090778172016;0.0072439624927937984;0.0072439624927937984
430;0.002290243748575449;0.002290243748575449;0.006684253457933664;0.006684253457933664
431;0.002424453152343631;0.002424453152343631;0.007498650345951319;0.007498650345951319
432;0.002426441293209791;0.002426441293209791;0.007154441904276609;0.007154441904276609
433;0.00256827543489635;0.00256827543489635;0.006459993775933981;0.006459993775933981
434;0.002297864994034171;0.002297864994034171;0.0065743522718548775;0.0065743522718548775
435;0.002341310726478696;0.002341310726478696;0.006891515105962753;0.006891515105962753
436;0.0025290027260780334;0.0025290027260780334;0.00735883554443717;0.00735883554443717
437;0.003506364766508341;0.003506364766508341;0.008073274977505207;0.008073274977505207
438;0.002947133732959628;0.002947133732959628;0.006505502853542566;0.006505502853542566
439;0.0027069118805229664;0.0027069118805229664;0.007475521415472031;0.007475521415472031
440;0.002629831898957491;0.002629831898957491;0.006646543741226196;0.006646543741226196
441;0.0024278489872813225;0.0024278489872813225;0.006519281305372715;0.006519281305372715
442;0.0022581815719604492;0.0022581815719604492;0.0071740043349564075;0.0071740043349564075
443;0.0024576266296207905;0.0024576266296207905;0.006918057799339294;0.006918057799339294
444;0.002610118594020605;0.002610118594020605;0.007297131232917309;0.007297131232917309
445;0.0028359638527035713;0.0028359638527035713;0.00724934134632349;0.00724934134632349
446;0.0025529160629957914;0.0025529160629957914;0.006901663728058338;0.006901663728058338
447;0.0028881188482046127;0.0028881188482046127;0.006525129545480013;0.006525129545480013
448;0.002430968452244997;0.002430968452244997;0.00810532458126545;0.00810532458126545
449;0.002399423625320196;0.002399423625320196;0.006370358169078827;0.006370358169078827
450;0.0022806304041296244;0.0022806304041296244;0.007222567219287157;0.007222567219287157
451;0.002406542422249913;0.002406542422249913;0.007325342390686274;0.007325342390686274
452;0.0021690535359084606;0.0021690535359084606;0.00720270536839962;0.00720270536839962
453;0.002085308078676462;0.002085308078676462;0.00657232478260994;0.00657232478260994
454;0.0023968787863850594;0.0023968787863850594;0.0069648502394557;0.0069648502394557
455;0.0031635805498808622;0.0031635805498808622;0.007259026635438204;0.007259026635438204
456;0.0031370380893349648;0.0031370380893349648;0.007785925641655922;0.007785925641655922
457;0.0042089433409273624;0.0042089433409273624;0.008275754749774933;0.008275754749774933
458;0.0033741805236786604;0.0033741805236786604;0.00697644567117095;0.00697644567117095
459;0.0029693003743886948;0.0029693003743886948;0.007435793988406658;0.007435793988406658
460;0.002336599165573716;0.002336599165573716;0.006644527893513441;0.006644527893513441
461;0.0029112643096596003;0.0029112643096596003;0.0063256206922233105;0.0063256206922233105
462;0.002537585562095046;0.002537585562095046;0.006892971694469452;0.006892971694469452
463;0.002264155074954033;0.002264155074954033;0.006761114113032818;0.006761114113032818
464;0.0020408432465046644;0.0020408432465046644;0.006653014104813337;0.006653014104813337
465;0.002154863905161619;0.002154863905161619;0.006836761720478535;0.006836761720478535
466;0.002460804069414735;0.002460804069414735;0.007250100839883089;0.007250100839883089
467;0.002877728082239628;0.002877728082239628;0.007430264726281166;0.007430264726281166
468;0.002455331850796938;0.002455331850796938;0.007080296985805035;0.007080296985805035
469;0.0021421280689537525;0.0021421280689537525;0.0065758973360061646;0.0065758973360061646
470;0.0025224024429917336;0.0025224024429917336;0.007044293452054262;0.007044293452054262
471;0.0024714069440960884;0.0024714069440960884;0.006483641918748617;0.006483641918748617
472;0.0023763414938002825;0.0023763414938002825;0.0060659185983240604;0.0060659185983240604
473;0.0021182182244956493;0.0021182182244956493;0.00685086939483881;0.00685086939483881
474;0.0020564638543874025;0.0020564638543874025;0.0063736881129443645;0.0063736881129443645
475;0.0019469887483865023;0.0019469887483865023;0.00673281354829669;0.00673281354829669
476;0.00201514083892107;0.00201514083892107;0.006110882852226496;0.006110882852226496
477;0.0021314488258212805;0.0021314488258212805;0.006567448377609253;0.006567448377609253
478;0.0024075303226709366;0.0024075303226709366;0.0066142939031124115;0.0066142939031124115
479;0.0024840699043124914;0.0024840699043124914;0.007177203893661499;0.007177203893661499
480;0.0022350798826664686;0.0022350798826664686;0.005919582210481167;0.005919582210481167
481;0.0020843720994889736;0.0020843720994889736;0.006725788116455078;0.006725788116455078
482;0.0020228286739438772;0.0020228286739438772;0.006494022440165281;0.006494022440165281
483;0.0020132889039814472;0.0020132889039814472;0.005940764676779509;0.005940764676779509
484;0.0019516614265739918;0.0019516614265739918;0.0068674576468765736;0.0068674576468765736
485;0.0019250460900366306;0.0019250460900366306;0.007411906495690346;0.007411906495690346
486;0.00202113832347095;0.00202113832347095;0.006551631726324558;0.006551631726324558
487;0.00280112586915493;0.00280112586915493;0.007318301126360893;0.007318301126360893
488;0.0025878974702209234;0.0025878974702209234;0.007578424643725157;0.007578424643725157
489;0.0023570198100060225;0.0023570198100060225;0.006281095556914806;0.006281095556914806
490;0.00217679375782609;0.00217679375782609;0.006987635977566242;0.006987635977566242
491;0.0020573146175593138;0.0020573146175593138;0.006446055136620998;0.006446055136620998
492;0.0020071943290531635;0.0020071943290531635;0.007630992215126753;0.007630992215126753
493;0.0018924702890217304;0.0018924702890217304;0.006463509052991867;0.006463509052991867
494;0.0021766640711575747;0.0021766640711575747;0.006750847678631544;0.006750847678631544
495;0.0025528990663588047;0.0025528990663588047;0.005970152094960213;0.005970152094960213
496;0.002825893694534898;0.002825893694534898;0.007206820882856846;0.007206820882856846
497;0.0023504947312176228;0.0023504947312176228;0.007096262648701668;0.007096262648701668
498;0.002001747488975525;0.002001747488975525;0.007370490115135908;0.007370490115135908
499;0.001968270866200328;0.001968270866200328;0.007019616663455963;0.007019616663455963
500;0.0019620812963694334;0.0019620812963694334;0.006990213878452778;0.006990213878452778
501;0.001806466025300324;0.001806466025300324;0.006988645996898413;0.006988645996898413
502;0.0021144021302461624;0.0021144021302461624;0.006210267078131437;0.006210267078131437
503;0.0024985307827591896;0.0024985307827591896;0.007071707863360643;0.007071707863360643
504;0.0022873126436024904;0.0022873126436024904;0.006897538900375366;0.006897538900375366
505;0.0021731434389948845;0.0021731434389948845;0.006624938454478979;0.006624938454478979
506;0.0019763894379138947;0.0019763894379138947;0.0072236997075378895;0.0072236997075378895
507;0.0019155030604451895;0.0019155030604451895;0.006803178694099188;0.006803178694099188
508;0.002098006894811988;0.002098006894811988;0.006935197860002518;0.006935197860002518
509;0.002123486017808318;0.002123486017808318;0.0065401955507695675;0.0065401955507695675
510;0.001824178616516292;0.001824178616516292;0.006454752758145332;0.006454752758145332
511;0.002002866705879569;0.002002866705879569;0.0067553529515862465;0.0067553529515862465
512;0.0021280189976096153;0.0021280189976096153;0.0068593514151871204;0.0068593514151871204
513;0.002067261841148138;0.002067261841148138;0.007393673527985811;0.007393673527985811
514;0.002495045540854335;0.002495045540854335;0.005606426857411861;0.005606426857411861
515;0.00225992314517498;0.00225992314517498;0.005774134304374456;0.005774134304374456
516;0.0023479375522583723;0.0023479375522583723;0.006094824522733688;0.006094824522733688
517;0.002779211150482297;0.002779211150482297;0.007052516099065542;0.007052516099065542
518;0.0024394290521740913;0.0024394290521740913;0.006481881719082594;0.006481881719082594
519;0.0023977772798389196;0.0023977772798389196;0.007278229109942913;0.007278229109942913
520;0.0022008817177265882;0.0022008817177265882;0.006417899392545223;0.006417899392545223
521;0.002028409857302904;0.002028409857302904;0.00706480722874403;0.00706480722874403
522;0.0020538619719445705;0.0020538619719445705;0.006459446158260107;0.006459446158260107
523;0.0019094714662060142;0.0019094714662060142;0.007294815499335527;0.007294815499335527
524;0.0018948983633890748;0.0018948983633890748;0.006992417853325605;0.006992417853325605
525;0.002022228669375181;0.002022228669375181;0.006328056566417217;0.006328056566417217
526;0.002088437555357814;0.002088437555357814;0.0069914027117192745;0.0069914027117192745
527;0.0021652155555784702;0.0021652155555784702;0.007382672745734453;0.007382672745734453
528;0.0019236115040257573;0.0019236115040257573;0.0077263908460736275;0.0077263908460736275
529;0.0025018888991326094;0.0025018888991326094;0.008006248623132706;0.008006248623132706
530;0.002044473774731159;0.002044473774731159;0.0068768844939768314;0.0068768844939768314
531;0.0018409850308671594;0.0018409850308671594;0.007066658232361078;0.007066658232361078
532;0.002311459043994546;0.002311459043994546;0.007390747778117657;0.007390747778117657
533;0.002237362787127495;0.002237362787127495;0.008364969864487648;0.008364969864487648
534;0.0022164781112223864;0.0022164781112223864;0.006601778790354729;0.006601778790354729
535;0.002121191006153822;0.002121191006153822;0.006863327696919441;0.006863327696919441
536;0.0020410167053341866;0.0020410167053341866;0.006795499008148909;0.006795499008148909
537;0.0018916697008535266;0.0018916697008535266;0.007484070491045713;0.007484070491045713
538;0.0019404510967433453;0.0019404510967433453;0.007456026505678892;0.007456026505678892
539;0.0019216494401916862;0.0019216494401916862;0.006612739991396666;0.006612739991396666
540;0.00177466229069978;0.00177466229069978;0.007072694133967161;0.007072694133967161
541;0.002089724875986576;0.002089724875986576;0.0075888680294156075;0.0075888680294156075
542;0.002057380275800824;0.002057380275800824;0.00648451829329133;0.00648451829329133
543;0.0019299699924886227;0.0019299699924886227;0.006705441977828741;0.006705441977828741
544;0.0019979493226855993;0.0019979493226855993;0.006595596205443144;0.006595596205443144
545;0.0020454206969588995;0.0020454206969588995;0.007855432108044624;0.007855432108044624
546;0.002129739848896861;0.002129739848896861;0.007884341292083263;0.007884341292083263
547;0.002885759575292468;0.002885759575292468;0.007663333788514137;0.007663333788514137
548;0.004490736871957779;0.004490736871957779;0.00954276043921709;0.00954276043921709
549;0.003072999184951186;0.003072999184951186;0.006504624150693417;0.006504624150693417
550;0.0021843677386641502;0.0021843677386641502;0.006866645999252796;0.006866645999252796
551;0.002090647118166089;0.002090647118166089;0.007294574286788702;0.007294574286788702
552;0.002017076127231121;0.002017076127231121;0.006655967328697443;0.006655967328697443
553;0.0019743838347494602;0.0019743838347494602;0.006843477487564087;0.006843477487564087
554;0.0017939388053491712;0.0017939388053491712;0.0068450509570539;0.0068450509570539
555;0.0020614773966372013;0.0020614773966372013;0.0075476206839084625;0.0075476206839084625
556;0.0018443885492160916;0.0018443885492160916;0.006795039866119623;0.006795039866119623
557;0.0017035510390996933;0.0017035510390996933;0.006849080324172974;0.006849080324172974
558;0.00178346480242908;0.00178346480242908;0.006609729491174221;0.006609729491174221
559;0.0017887922003865242;0.0017887922003865242;0.007343573030084372;0.007343573030084372
560;0.001719440333545208;0.001719440333545208;0.007384350057691336;0.007384350057691336
561;0.0017223935574293137;0.0017223935574293137;0.007272755727171898;0.007272755727171898
562;0.0020534517243504524;0.0020534517243504524;0.006302598863840103;0.006302598863840103
563;0.002271787030622363;0.002271787030622363;0.007313718553632498;0.007313718553632498
564;0.0018914383836090565;0.0018914383836090565;0.007144366391003132;0.007144366391003132
565;0.001773345866240561;0.001773345866240561;0.007085791323333979;0.007085791323333979
566;0.0019910268019884825;0.0019910268019884825;0.00821228139102459;0.00821228139102459
567;0.0023590351920574903;0.0023590351920574903;0.008047904819250107;0.008047904819250107
568;0.003031777683645487;0.003031777683645487;0.00664327759295702;0.00664327759295702
569;0.0023670189548283815;0.0023670189548283815;0.006120498292148113;0.006120498292148113
570;0.00220921216532588;0.00220921216532588;0.007339252158999443;0.007339252158999443
571;0.0019601313397288322;0.0019601313397288322;0.007113669067621231;0.007113669067621231
572;0.0017691170796751976;0.0017691170796751976;0.006742977071553469;0.006742977071553469
573;0.002377598313614726;0.002377598313614726;0.006301764864474535;0.006301764864474535
574;0.0018165902001783252;0.0018165902001783252;0.0074004922062158585;0.0074004922062158585
575;0.0016746643232181668;0.0016746643232181668;0.006861522793769836;0.006861522793769836
576;0.001706721493974328;0.001706721493974328;0.0072350818663835526;0.0072350818663835526
577;0.0015895876567810774;0.0015895876567810774;0.0071014175191521645;0.0071014175191521645
578;0.0017166805919259787;0.0017166805919259787;0.006703896913677454;0.006703896913677454
579;0.0016270277556031942;0.0016270277556031942;0.006976129021495581;0.006976129021495581
580;0.0016218273667618632;0.0016218273667618632;0.007106016855686903;0.007106016855686903
581;0.0017597598489373922;0.0017597598489373922;0.006869033444672823;0.006869033444672823
582;0.0021017531398683786;0.0021017531398683786;0.007636562455445528;0.007636562455445528
583;0.0019129886059090495;0.0019129886059090495;0.007589544635266066;0.007589544635266066
584;0.0017302501946687698;0.0017302501946687698;0.007857171818614006;0.007857171818614006
585;0.001737813581712544;0.001737813581712544;0.007199978455901146;0.007199978455901146
586;0.0020014019683003426;0.0020014019683003426;0.007726762909442186;0.007726762909442186
587;0.0016942009096965194;0.0016942009096965194;0.007444579154253006;0.007444579154253006
588;0.001706511015072465;0.001706511015072465;0.007506615947932005;0.007506615947932005
589;0.0019452506676316261;0.0019452506676316261;0.0070303683169186115;0.0070303683169186115
590;0.0017423820681869984;0.0017423820681869984;0.006815037224441767;0.006815037224441767
591;0.001662998809479177;0.001662998809479177;0.00724679185077548;0.00724679185077548
592;0.0016459953039884567;0.0016459953039884567;0.007655156310647726;0.007655156310647726
593;0.0017257198924198747;0.0017257198924198747;0.007930920459330082;0.007930920459330082
594;0.0017495552310720086;0.0017495552310720086;0.0068185715936124325;0.0068185715936124325
595;0.0017096500378102064;0.0017096500378102064;0.0074646188877522945;0.0074646188877522945
596;0.0016911292914301157;0.0016911292914301157;0.00733219413086772;0.00733219413086772
597;0.0016037613386288285;0.0016037613386288285;0.007250464987009764;0.007250464987009764
598;0.0016014297725632787;0.0016014297725632787;0.0074958219192922115;0.0074958219192922115
599;0.0016699463594704866;0.0016699463594704866;0.007357313763350248;0.007357313763350248
600;0.00175069784745574;0.00175069784745574;0.00710830744355917;0.00710830744355917
601;0.001654644263908267;0.001654644263908267;0.006865620147436857;0.006865620147436857
602;0.0015977020375430584;0.0015977020375430584;0.007657391484826803;0.007657391484826803
603;0.0015790252946317196;0.0015790252946317196;0.00646306062117219;0.00646306062117219
604;0.0017423054669052362;0.0017423054669052362;0.007109061814844608;0.007109061814844608
605;0.0016764949541538954;0.0016764949541538954;0.007102486211806536;0.007102486211806536
606;0.0016436020378023386;0.0016436020378023386;0.006597611587494612;0.006597611587494612
607;0.0016250292537733912;0.0016250292537733912;0.007794801611453295;0.007794801611453295
608;0.0017564157024025917;0.0017564157024025917;0.01008550263941288;0.01008550263941288
609;0.00311213918030262;0.00311213918030262;0.0062826694920659065;0.0062826694920659065
610;0.002487819641828537;0.002487819641828537;0.008894626051187515;0.008894626051187515
611;0.002324981614947319;0.002324981614947319;0.007567524444311857;0.007567524444311857
612;0.0019472060957923532;0.0019472060957923532;0.007011545822024345;0.007011545822024345
613;0.0017136330716311932;0.0017136330716311932;0.008568215183913708;0.008568215183913708
614;0.0018369752215221524;0.0018369752215221524;0.006978144403547049;0.006978144403547049
615;0.0015941571909934282;0.0015941571909934282;0.008320930413901806;0.008320930413901806
616;0.0021513255778700113;0.0021513255778700113;0.007582515478134155;0.007582515478134155
617;0.001738854800350964;0.001738854800350964;0.00846919883042574;0.00846919883042574
618;0.0016756607219576836;0.0016756607219576836;0.007222161628305912;0.007222161628305912
619;0.0015928896609693766;0.0015928896609693766;0.0073044924065470695;0.0073044924065470695
620;0.0015438239788636565;0.0015438239788636565;0.007776172831654549;0.007776172831654549
621;0.0015482475282624364;0.0015482475282624364;0.007166720926761627;0.007166720926761627
622;0.0016463154461234808;0.0016463154461234808;0.008053760975599289;0.008053760975599289
623;0.0018236710457131267;0.0018236710457131267;0.007770335301756859;0.007770335301756859
624;0.0015715481713414192;0.0015715481713414192;0.007388332858681679;0.007388332858681679
625;0.0014658919535577297;0.0014658919535577297;0.008575557731091976;0.008575557731091976
626;0.0016855064313858747;0.0016855064313858747;0.007478135637938976;0.007478135637938976
627;0.0015878650592640042;0.0015878650592640042;0.007595171220600605;0.007595171220600605
628;0.0016432305565103889;0.001643230440095067;0.008584847673773766;0.008584847673773766
629;0.0018576415022835135;0.0018576415022835135;0.0067326100543141365;0.0067326100543141365
630;0.0016469061374664307;0.0016469061374664307;0.007789407856762409;0.007789407856762409
631;0.001489356392994523;0.001489356392994523;0.007434690371155739;0.007434690371155739
632;0.0016033785650506616;0.0016033785650506616;0.008189357817173004;0.008189357817173004
633;0.001658419263549149;0.001658419263549149;0.007975217886269093;0.007975217886269093
634;0.0015428555198013783;0.0015428555198013783;0.007749708369374275;0.007749708369374275
635;0.001556742237880826;0.001556742237880826;0.006758495699614286;0.006758495699614286
636;0.0014705299399793148;0.0014705299399793148;0.008738796226680279;0.008738796226680279
637;0.001453108387067914;0.001453108387067914;0.006530554499477148;0.006530554499477148
638;0.0016788498032838106;0.0016788498032838106;0.008426605723798275;0.008426605723798275
639;0.0019016265869140625;0.0019016265869140625;0.008376806043088436;0.008376806043088436
640;0.0015378923853859305;0.0015378923853859305;0.007943927310407162;0.007943927310407162
641;0.0015967725776135921;0.0015967725776135921;0.008851705119013786;0.008851705119013786
642;0.0016690923366695642;0.0016690923366695642;0.009043683297932148;0.009043683297932148
643;0.0015901456354185939;0.0015901456354185939;0.007961366325616837;0.007961366325616837
644;0.0017659910954535007;0.0017659910954535007;0.00771485036239028;0.00771485036239028
645;0.0016440710751339793;0.0016440710751339793;0.008103368803858757;0.008103368803858757
646;0.0014795818133279681;0.0014795818133279681;0.008097033016383648;0.008097033016383648
647;0.0013812299584969878;0.0013812299584969878;0.0076018571853637695;0.0076018571853637695
648;0.0016503061633557081;0.0016503061633557081;0.008588851429522038;0.008588851429522038
649;0.0017706075450405478;0.0017706075450405478;0.008372824639081955;0.008372824639081955
650;0.0016243282007053494;0.0016243282007053494;0.008235231973230839;0.008235231973230839
651;0.0015732641331851482;0.0015732641331851482;0.008398053236305714;0.008398053236305714
652;0.0016686992021277547;0.0016686992021277547;0.009784983471035957;0.009784983471035957
653;0.00358900660648942;0.00358900660648942;0.011341923847794533;0.011341923847794533
654;0.0054612229578197;0.0054612229578197;0.009295058436691761;0.009295058436691761
655;0.003911555279046297;0.003911555279046297;0.009554235264658928;0.009554235264658928
656;0.0024007861502468586;0.0024007861502468586;0.007183081936091185;0.007183081936091185
657;0.0019351652590557933;0.0019351652590557933;0.00822052825242281;0.00822052825242281
658;0.001955831190571189;0.001955831190571189;0.00810398068279028;0.00810398068279028
659;0.002107617910951376;0.002107617910951376;0.008331893011927605;0.008331893011927605
660;0.0019199635135009885;0.0019199635135009885;0.007536883465945721;0.007536883465945721
661;0.0018085165647789836;0.0018085165647789836;0.008847220800817013;0.008847220800817013
662;0.0017286315560340881;0.0017286315560340881;0.007842940278351307;0.007842940278351307
663;0.0015299621736630797;0.0015299621736630797;0.008480045944452286;0.008480045944452286
664;0.0016954205930233002;0.0016954205930233002;0.008300429210066795;0.008300429210066795
665;0.001557358424179256;0.001557358424179256;0.008179903030395508;0.008179903030395508
666;0.001441940781660378;0.001441940781660378;0.00796242244541645;0.00796242244541645
667;0.001422292087227106;0.001422292087227106;0.007706084288656712;0.007706084288656712
668;0.0014217254938557744;0.0014217254938557744;0.008967230096459389;0.008967230096459389
669;0.0014486421132460237;0.0014486421132460237;0.00811819452792406;0.00811819452792406
670;0.0014777330216020346;0.0014777330216020346;0.008561168797314167;0.008561168797314167
671;0.0014882127288728952;0.0014882127288728952;0.008609401993453503;0.008609401993453503
672;0.0014289194950833917;0.0014289194950833917;0.008074908517301083;0.008074908517301083
673;0.0024471664801239967;0.0024471664801239967;0.010556288994848728;0.010556288994848728
674;0.0033062975853681564;0.0033062975853681564;0.008611926808953285;0.008611926808953285
675;0.002951291622593999;0.002951291622593999;0.00870574451982975;0.00870574451982975
676;0.002358006779104471;0.002358006779104471;0.007343316450715065;0.007343316450715065
677;0.001841012155637145;0.001841012155637145;0.008565490134060383;0.008565490134060383
678;0.0017047009896486998;0.0017047009896486998;0.00789915956556797;0.00789915956556797
679;0.0015819083200767636;0.0015819083200767636;0.00823559332638979;0.00823559332638979
680;0.0016781234880909324;0.0016781234880909324;0.008531483821570873;0.008531483821570873
681;0.0018092445097863674;0.0018092445097863674;0.00827107299119234;0.00827107299119234
682;0.0017456271452829242;0.0017456271452829242;0.007416944485157728;0.007416944485157728
683;0.001849186490289867;0.001849186490289867;0.008161753416061401;0.008161753416061401
684;0.001461655949242413;0.001461655949242413;0.00855783186852932;0.00855783186852932
685;0.0015668350970372558;0.0015668350970372558;0.008647061884403229;0.008647061884403229
686;0.0015378545504063368;0.0015378545504063368;0.00812522228807211;0.00812522228807211
687;0.0015516957500949502;0.0015516957500949502;0.00799480453133583;0.00799480453133583
688;0.0014118169201537967;0.0014118169201537967;0.007652756758034229;0.007652756758034229
689;0.0014213642571121454;0.0014213642571121454;0.008578984998166561;0.008578984998166561
690;0.0013362959725782275;0.0013362959725782275;0.008590035140514374;0.008590035140514374
691;0.0012572549749165773;0.0012572549749165773;0.008138679899275303;0.008138679899275303
692;0.0013404241763055325;0.0013404241763055325;0.008466965518891811;0.008466965518891811
693;0.001390447374433279;0.001390447374433279;0.008705519139766693;0.008705519139766693
694;0.001439657062292099;0.001439657062292099;0.00894471351057291;0.00894471351057291
695;0.0014169837813824415;0.0014169837813824415;0.008704287000000477;0.008704287000000477
696;0.0015009584603831172;0.0015009584603831172;0.008896534331142902;0.008896534331142902
697;0.001406437368132174;0.001406437368132174;0.008295881561934948;0.008295881561934948
698;0.001573398127220571;0.001573398127220571;0.009031735360622406;0.009031735360622406
699;0.0020575830712914467;0.0020575830712914467;0.009427989833056927;0.009427989833056927
700;0.0017810571007430553;0.0017810571007430553;0.008253761567175388;0.008253761567175388
701;0.001692467019893229;0.001692467019893229;0.008969126269221306;0.008969126269221306
702;0.0026428583078086376;0.0026428583078086376;0.009330881759524345;0.009330881759524345
703;0.00208451715297997;0.00208451715297997;0.007576447911560535;0.007576447911560535
704;0.002100938931107521;0.002100938931107521;0.010221834294497967;0.010221834294497967
705;0.001760463579557836;0.001760463579557836;0.00754645187407732;0.00754645187407732
706;0.0016841930337250233;0.0016841930337250233;0.007325106766074896;0.007325106766074896
707;0.0015627172542735934;0.0015627172542735934;0.007739376276731491;0.007739376276731491
708;0.0015154185239225626;0.0015154185239225626;0.008288293145596981;0.008288293145596981
709;0.001358600682578981;0.001358600682578981;0.008231863379478455;0.008231863379478455
710;0.0013649840839207172;0.0013649840839207172;0.007835484109818935;0.007835484109818935
711;0.0013951363507658243;0.0013951363507658243;0.008351325988769531;0.008351325988769531
712;0.0014434343902394176;0.0014434343902394176;0.007429359946399927;0.007429359946399927
713;0.001439897925592959;0.001439897925592959;0.00825568474829197;0.00825568474829197
714;0.0013718870468437672;0.0013718870468437672;0.00902197603136301;0.00902197603136301
